SIG_CD,SIG_KOR_NM,배출량,area_km2,density,log_density,hotspot_p10,hotspot_p15,hotspot_p20,cluster_density_spatial_k4,hotspot_kmeans_density_spatial_k4,돼지,소,dominant,dominant_group
11110,Á¾·Î±¸,44464,23.971611814581117,1854.860672028489,7.526103841578164,False,False,False,2,True,0,0,돼지,돼지
11140,Áß±¸,40010,9.962768317184539,4015.9520653499203,8.29827870134059,False,False,False,2,True,0,5640,일반 소,소
11170,¿ë»ê±¸,64731,21.897558894585128,2956.082927399127,7.9919585638958734,False,False,False,2,True,0,0,돼지,돼지
11200,¼ºµ¿±¸,82201,16.800779553624494,4892.68963607504,8.495701824761385,False,False,False,2,True,0,0,돼지,돼지
11215,±¤Áø±¸,95514,17.028811488307774,5608.964551964256,8.63229967977383,False,True,True,2,True,0,0,돼지,돼지
11230,µ¿´ë¹®±¸,96511,14.235452203042,6779.62305822476,8.821824273205545,True,True,True,2,True,0,0,돼지,돼지
11260,Áß¶û±¸,107568,18.526380677135563,5806.206936725404,8.666855000474223,False,True,True,2,True,0,0,돼지,돼지
11290,¼ººÏ±¸,120764,24.5903031950883,4911.041520794325,8.499444922721693,False,False,False,2,True,0,0,돼지,돼지
11305,°­ºÏ±¸,80088,23.620553344264312,3390.606427916197,8.129058960674012,False,False,False,2,True,0,0,돼지,돼지
11320,µµºÀ±¸,86748,20.672798787539055,4196.238781770038,8.342182155155783,False,False,False,2,True,0,0,돼지,돼지
11350,³ë¿ø±¸,146359,35.581516758640106,4113.343480908814,8.322234557468827,False,False,False,2,True,0,0,돼지,돼지
11380,ÀºÆò±¸,131471,29.77208825961161,4415.914626262602,8.393196682965673,False,False,False,2,True,0,0,돼지,돼지
11410,¼­´ë¹®±¸,86733,17.678803033150867,4906.044817477765,8.498427169424547,False,False,False,2,True,0,0,돼지,돼지
11440,¸¶Æ÷±¸,256069,23.846405010210844,10738.264316585803,9.281661866329868,True,True,True,2,True,0,0,돼지,돼지
11470,¾çÃµ±¸,127923,17.450153598296076,7330.766418726026,8.899971750667897,True,True,True,2,True,0,37,일반 소,소
11500,°­¼­±¸,170657,41.422204209587974,4119.940096294975,8.323836595027142,False,False,False,2,True,7538,6871,돼지,돼지
11530,±¸·Î±¸,111281,20.07525317045213,5543.192858149831,8.620506327088254,False,True,True,2,True,0,0,돼지,돼지
11545,±ÝÃµ±¸,66115,13.005544581952002,5083.601042877422,8.53397184776014,False,False,True,2,True,0,0,돼지,돼지
11560,¿µµîÆ÷±¸,109645,24.51152118787409,4473.202587452697,8.406083422082741,False,False,False,2,True,0,22,일반 소,소
11590,µ¿ÀÛ±¸,106691,16.377731972603677,6514.394067412414,8.781922973902013,True,True,True,2,True,0,0,돼지,돼지
11620,°ü¾Ç±¸,134632,29.552564956888464,4555.679014542471,8.424349350894598,False,False,False,2,True,0,0,돼지,돼지
11650,¼­ÃÊ±¸,126167,46.85597923263267,2692.655282554237,7.898654391305041,False,False,False,2,True,0,53,일반 소,소
11680,°­³²±¸,167361,39.49340427362735,4237.694953832057,8.352010706940202,False,False,False,2,True,0,211,일반 소,소
11710,¼ÛÆÄ±¸,192444,33.82482548147635,5689.430684731515,8.64654121577288,False,True,True,2,True,0,37,일반 소,소
11740,°­µ¿±¸,131412,24.53869717339127,5355.296537197486,8.586028070699943,False,False,True,2,True,0,0,돼지,돼지
26110,Áß±¸,16080,3.0388983164330763,5291.391262763273,8.57402545726433,False,False,True,3,False,0,5640,일반 소,소
26140,¼­±¸,30607,14.028810873990086,2181.7244722249743,7.688329133387147,False,False,False,3,False,6425,13258,일반 소,소
26170,µ¿±¸,29683,9.905168032738255,2996.7184707914766,8.00560676857984,False,False,False,3,False,39,1453,일반 소,소
26200,¿µµµ±¸,34107,14.249399245570388,2393.574593020306,7.78096087111216,False,False,False,3,False,0,0,돼지,돼지
26230,ºÎ»êÁø±¸,102045,29.72818496546911,3432.601086091558,8.141364868749108,False,False,False,3,False,0,0,돼지,돼지
26260,µ¿·¡±¸,82889,16.659715616031917,4975.415061721375,8.512465043665724,False,False,False,3,False,6197,781,돼지,돼지
26290,³²±¸,82204,26.892720820844183,3056.7379384046853,8.025430685761437,False,False,False,3,False,5309,6946,일반 소,소
26320,ºÏ±¸,78645,39.75363069408989,1978.3098707432532,7.590503512801196,False,False,False,3,False,19558,16535,돼지,돼지
26350,ÇØ¿î´ë±¸,114468,51.85284834607514,2207.554717843467,7.700093606751153,False,False,False,3,False,1690,1363,돼지,돼지
26380,»çÇÏ±¸,332049,41.966926137009615,7912.159182589598,8.976282371998492,True,True,True,3,False,3428,1602,돼지,돼지
26410,±ÝÁ¤±¸,66147,65.63409107356618,1007.8146724978475,6.916531329051132,False,False,False,3,False,0,1569,일반 소,소
26440,°­¼­±¸,304794,181.5539564611485,1678.8067081601946,7.426434011111458,False,False,False,3,False,7538,6871,돼지,돼지
26470,¿¬Á¦±¸,58430,12.128642347835326,4817.521889449429,8.480222498074305,False,False,False,3,False,0,0,돼지,돼지
26500,¼ö¿µ±¸,50780,10.226239130664814,4965.657398694017,8.510502337228939,False,False,False,3,False,0,0,돼지,돼지
26530,»ç»ó±¸,61185,36.196250531518395,1690.3684525755589,7.433293215510206,False,False,False,3,False,0,0,돼지,돼지
26710,±âÀå±º,108431,218.86965742642084,495.413577537362,6.207409404965583,False,False,False,3,False,7883,8453,일반 소,소
27110,Áß±¸,32460,7.079507565829906,4585.06466702177,8.430777564282621,False,False,False,3,False,0,5640,일반 소,소
27140,µ¿±¸,226425,181.45459294925928,1247.8328397193889,7.129964665876113,False,False,False,3,False,39,1453,일반 소,소
27170,¼­±¸,94169,17.31427023223216,5438.808493625995,8.60149913585276,False,False,True,3,False,6425,13258,일반 소,소
27200,³²±¸,52404,17.732005567282197,2955.334059712458,7.991705286411027,False,False,False,3,False,5309,6946,일반 소,소
27230,ºÏ±¸,173830,93.7055957005481,1855.065310672618,7.526214101667017,False,False,False,3,False,19558,16535,돼지,돼지
27260,¼ö¼º±¸,233034,76.57025462498952,3043.4011371818906,8.021059489925518,False,False,False,3,False,81883,26860,돼지,돼지
27290,´Þ¼­±¸,275472,62.82685059164219,4384.622138558157,8.386086773547035,False,False,False,3,False,83076,15931,돼지,돼지
27710,´Þ¼º±º,456092,423.4915785323659,1076.9800938677758,6.982844285498611,False,False,False,3,False,38852,60184,일반 소,소
27720,±ºÀ§±º,726566,613.0718307057896,1185.1237711632452,7.078445934283898,False,False,False,3,False,185596,199211,일반 소,소
28110,Áß±¸,108173,141.36133087930895,765.2234124221397,6.641473788341262,False,False,False,2,True,0,5640,일반 소,소
28140,µ¿±¸,26090,7.198365669618968,3624.4338225430865,8.195729235312571,False,False,False,2,True,39,1453,일반 소,소
28177,¹ÌÃßÈ¦±¸,135797,24.85511264170131,5463.543937924588,8.60603594569646,False,False,True,2,True,11526,166,돼지,돼지
28185,¿¬¼ö±¸,171715,58.52425234704928,2934.0827625055113,7.984490930333285,False,False,False,2,True,0,105,일반 소,소
28200,³²µ¿±¸,313882,57.32228151489029,5475.741573867129,8.60826559978649,False,False,True,2,True,132251,14801,돼지,돼지
28237,ºÎÆò±¸,158540,32.05849760736842,4945.334679799863,8.506402112553062,False,False,False,2,True,0,332,일반 소,소
28245,°è¾ç±¸,102167,45.50078300709799,2245.389930631792,7.717079731374772,False,False,False,2,True,333,3180,일반 소,소
28260,¼­±¸,979616,119.32826497850613,8209.421298268706,9.013159516387955,True,True,True,2,True,6425,13258,일반 소,소
28710,°­È­±º,566674,410.10828665362146,1381.7667636611652,7.231841672222862,False,False,False,2,True,14919,257469,일반 소,소
28720,¿ËÁø±º,1375735,172.4001183204801,7979.89591539956,8.984805954242233,True,True,True,2,True,0,607,일반 소,소
29110,µ¿±¸,33828,48.73624946157036,694.1034727482291,6.544060716135147,False,False,False,0,False,39,1453,일반 소,소
29140,¼­±¸,128285,47.55420843473123,2697.658193092896,7.900509962942978,False,False,False,0,False,6425,13258,일반 소,소
29155,³²±¸,106940,60.46776723278607,1768.5455391185064,7.478478035039843,False,False,False,0,False,5309,6946,일반 소,소
29170,ºÏ±¸,181748,119.32427557780737,1523.1435440937432,7.329187920848972,False,False,False,0,False,19558,16535,돼지,돼지
29200,±¤»ê±¸,315784,221.92063898212112,1422.9591328161277,7.261196392695022,False,False,False,0,False,28794,20370,돼지,돼지
30110,µ¿±¸,77824,137.07619317164492,567.7426415143427,6.343428032184703,False,False,False,1,False,39,1453,일반 소,소
30140,Áß±¸,78201,62.138876726616324,1258.487506043116,7.138460175968248,False,False,False,0,False,0,5640,일반 소,소
30170,¼­±¸,180759,95.24292635472004,1897.8732271075578,7.549015950873284,False,False,False,0,False,6425,13258,일반 소,소
30200,À¯¼º±¸,211571,175.5997052984201,1204.8482635004943,7.094938551378426,False,False,False,0,False,313,17193,일반 소,소
30230,´ë´ö±¸,87237,69.04955368070381,1263.3970148945184,7.142350619451708,False,False,False,0,False,0,6494,일반 소,소
31110,Áß±¸,67137,36.93143619538339,1817.8821870023146,7.505977408417459,False,False,False,3,False,0,5640,일반 소,소
31140,³²±¸,913644,73.35272839954102,12455.487613542085,9.429996859628002,True,True,True,3,False,5309,6946,일반 소,소
31170,µ¿±¸,53415,35.81845559426528,1491.2703273714576,7.3080539489170855,False,False,False,3,False,39,1453,일반 소,소
31200,ºÏ±¸,159524,157.41698489963832,1013.3849285812773,6.92203772610145,False,False,False,3,False,19558,16535,돼지,돼지
31710,¿ïÁÖ±º,1213116,756.572435566073,1603.4366875821188,7.380528000489428,False,False,False,3,False,209901,500168,일반 소,소
36110,¼¼Á¾Æ¯º°ÀÚÄ¡½Ã,2381125,464.8702775610301,5122.127860040258,8.541520441668016,False,False,True,2,True,619570,382904,돼지,돼지
41111,¼ö¿ø½Ã Àå¾È±¸,123931,33.32450000843932,3718.9155116690386,8.221456235092347,False,False,False,2,True,44775,1510,돼지,돼지
41113,¼ö¿ø½Ã ±Ç¼±±¸,142493,47.11827006692245,3024.156018411034,8.014717945469155,False,False,False,2,True,33579,1183,돼지,돼지
41115,¼ö¿ø½Ã ÆÈ´Þ±¸,89849,12.853226635141073,6990.384792122966,8.852433926067652,True,True,True,2,True,11196,36,돼지,돼지
41117,¼ö¿ø½Ã ¿µÅë±¸,165233,27.67798131882636,5969.835664554398,8.694642173903032,False,True,True,2,True,22393,1474,돼지,돼지
41131,¼º³²½Ã ¼öÁ¤±¸,73185,45.37269735615068,1612.9744155507897,7.38645499712482,False,False,False,2,True,0,0,돼지,돼지
41133,¼º³²½Ã Áß¿ø±¸,67533,26.379263700134334,2560.0790366129927,7.848183947344944,False,False,False,2,True,0,0,돼지,돼지
41135,¼º³²½Ã ºÐ´ç±¸,399190,69.64779228152082,5731.552816296726,8.653916228173562,False,True,True,2,True,119785,0,돼지,돼지
41150,ÀÇÁ¤ºÎ½Ã,251287,81.76176025758578,3073.4049659441603,8.030866654505692,False,False,False,2,True,83968,425,돼지,돼지
41171,¾È¾ç½Ã ¸¸¾È±¸,67615,36.57621321019208,1848.6058032152673,7.522727816024643,False,False,False,2,True,0,8,일반 소,소
41173,¾È¾ç½Ã µ¿¾È±¸,267298,21.918701822414526,12194.974053009628,9.408861180605852,True,True,True,2,True,0,534,일반 소,소
41192,ºÎÃµ½Ã ¿ø¹Ì±¸,110700,20.609471311248225,5371.316824589393,8.589014532931117,False,False,True,2,True,15785,26,돼지,돼지
41194,ºÎÃµ½Ã ¼Ò»ç±¸,110700,12.862685284919122,8606.290020155466,9.060364799928822,True,True,True,2,True,15785,26,돼지,돼지
41196,ºÎÃµ½Ã ¿ÀÁ¤±¸,110700,20.08160646984387,5512.507187422276,8.614956212802177,False,False,True,2,True,15785,26,돼지,돼지
41210,±¤¸í½Ã,114539,38.51383741313199,2973.9700765560656,7.997989259628663,False,False,False,2,True,5598,12891,일반 소,소
41220,ÆòÅÃ½Ã,2894328,478.8172843746593,6044.744194604471,8.707109864587299,False,True,True,2,True,622560,256939,돼지,돼지
41250,µ¿µÎÃµ½Ã,558751,95.84429077510164,5829.778649112315,8.670905829450737,False,True,True,2,True,194796,10536,돼지,돼지
41271,¾È»ê½Ã »ó·Ï±¸,150590,57.90641900864123,2600.5752484457353,7.863872405334423,False,False,False,2,True,0,28847,일반 소,소
41273,¾È»ê½Ã ´Ü¿ø±¸,252349,91.47875080970606,2758.553191494011,7.922824058466207,False,False,False,2,True,0,3510,일반 소,소
41281,°í¾ç½Ã ´ö¾ç±¸,280926,165.1564384576337,1700.9691091883394,7.4395411592555325,False,False,False,2,True,17353,17875,일반 소,소
41285,°í¾ç½Ã ÀÏ»êµ¿±¸,384648,59.92194026326895,6419.1512876591905,8.767196961462304,True,True,True,2,True,134933,57401,돼지,돼지
41287,°í¾ç½Ã ÀÏ»ê¼­±¸,153501,41.29320518896494,3717.342824262552,8.221033370663903,False,False,False,2,True,33579,16517,돼지,돼지
41290,°úÃµ½Ã,25766,35.82248211253298,719.268975250194,6.579624718984067,False,False,False,1,False,0,191,일반 소,소
41310,±¸¸®½Ã,64962,33.193647526416896,1957.0612102300754,7.579710084210645,False,False,False,2,True,0,2490,일반 소,소
41360,³²¾çÁÖ½Ã,554923,459.2975581794782,1208.199325508181,7.0977137051050985,False,False,False,2,True,104111,84061,돼지,돼지
41370,¿À»ê½Ã,184321,42.630400009444855,4323.698580336176,8.37209772452953,False,False,False,2,True,3925,2564,돼지,돼지
41390,½ÃÈï½Ã,245954,141.01914857928602,1744.117749099271,7.4645773103538415,False,False,False,2,True,0,28279,일반 소,소
41410,±ºÆ÷½Ã,103425,36.40343113027587,2841.0783486280743,7.952290876407972,False,False,False,2,True,22393,2695,돼지,돼지
41430,ÀÇ¿Õ½Ã,58936,53.827384892374,1094.9073620767663,6.99933794028305,False,False,False,2,True,3359,2124,돼지,돼지
41450,ÇÏ³²½Ã,248165,92.76127412304226,2675.3082290657635,7.892193597375096,False,False,False,2,True,0,455,일반 소,소
41461,¿ëÀÎ½Ã Ã³ÀÎ±¸,1895200,467.49447062090894,4053.951691627208,8.307694053193028,False,False,False,2,True,1204132,182770,돼지,돼지
41463,¿ëÀÎ½Ã ±âÈï±¸,275268,81.7193764915831,3368.454481885969,8.122506135431982,False,False,False,2,True,119071,4254,돼지,돼지
41465,¿ëÀÎ½Ã ¼öÁö±¸,467376,42.084988361109026,11105.527604990495,9.315288286975207,True,True,True,2,True,105796,9490,돼지,돼지
41480,ÆÄÁÖ½Ã,1319127,689.3419705956309,1913.6031988016034,7.557265673252319,False,False,False,2,True,58218,200316,일반 소,소
41500,ÀÌÃµ½Ã,5350170,461.5191251697146,11592.52067405133,9.358201658458482,True,True,True,2,True,3358112,376685,돼지,돼지
41550,¾È¼º½Ã,4936687,552.8971967083678,8928.761132069754,9.097144924584427,True,True,True,2,True,1871816,1251729,돼지,돼지
41570,±èÆ÷½Ã,963757,277.6220191873089,3471.471761574367,8.152621942579414,False,False,False,2,True,39184,155279,일반 소,소
41590,È­¼º½Ã,3537646,692.4398883355789,5108.957556595211,8.538946377213199,False,False,True,2,True,824289,515359,돼지,돼지
41610,±¤ÁÖ½Ã,424256,429.64783296885065,987.4505756689304,6.896138642037377,False,False,False,1,False,33579,75127,일반 소,소
41630,¾çÁÖ½Ã,1284565,310.258463455698,4140.306071564825,8.328766493290587,False,False,False,2,True,492250,171728,돼지,돼지
41650,Æ÷Ãµ½Ã,4578103,825.1576071934867,5548.155843307284,8.621401094867062,False,True,True,2,True,1013287,246326,돼지,돼지
41670,¿©ÁÖ½Ã,2538982,606.8518371781071,4183.858142057211,8.339228085588545,False,False,False,2,True,881644,340470,돼지,돼지
41800,¿¬Ãµ±º,1147628,666.4272459683365,1722.0604453715964,7.451857317381885,False,False,False,2,True,266311,149541,돼지,돼지
41820,°¡Æò±º,509967,840.0707472194597,607.0524437232624,6.410261134370108,False,False,False,1,False,131881,148141,일반 소,소
41830,¾çÆò±º,964812,876.0890343564871,1101.2716312659734,7.005128448691414,False,False,False,1,False,312342,261869,돼지,돼지
43111,Ã»ÁÖ½Ã »ó´ç±¸,655822,403.0480574266774,1627.1558389021818,7.3952032661226115,False,False,False,0,False,172391,330464,일반 소,소
43112,Ã»ÁÖ½Ã ¼­¿ø±¸,297291,123.15829349278302,2413.8934664389535,7.789410451837858,False,False,False,2,True,69346,81242,일반 소,소
43113,Ã»ÁÖ½Ã Èï´ö±¸,909203,198.73830937677656,4574.875386890276,8.428553300802973,False,False,False,2,True,119765,206973,일반 소,소
43114,Ã»ÁÖ½Ã Ã»¿ø±¸,1074359,214.64748878698086,5005.225106855122,8.518437438390848,False,False,False,2,True,349809,430297,일반 소,소
43130,ÃæÁÖ½Ã,1871013,980.8181694373444,1907.6043432936447,7.554127543624306,False,False,False,2,True,761739,373221,돼지,돼지
43150,Á¦Ãµ½Ã,702015,881.998903383861,795.9363637603878,6.680774830885251,False,False,False,1,False,167530,246978,일반 소,소
43720,º¸Àº±º,1102838,583.2020049720345,1891.0051587577839,7.545392476224271,False,False,False,0,False,221712,583498,일반 소,소
43730,¿ÁÃµ±º,954425,541.224543806771,1763.4547636863097,7.475597005884631,False,False,False,0,False,224899,334516,일반 소,소
43740,¿µµ¿±º,547326,852.0178444674324,642.3879541421048,6.4667478924383435,False,False,False,1,False,78055,149458,일반 소,소
43745,ÁõÆò±º,289604,81.82999924010583,3539.093274952173,8.17190835463724,False,False,False,2,True,137993,77050,돼지,돼지
43750,ÁøÃµ±º,1489719,407.804494031828,3653.0225188831087,8.20358389972222,False,False,False,2,True,575964,246670,돼지,돼지
43760,±«»ê±º,1654469,841.575096103175,1965.9196281601544,7.584223957442495,False,False,False,2,True,1057160,274932,돼지,돼지
43770,À½¼º±º,2078417,519.0210603834785,4004.494535278323,8.29542233134974,False,False,False,2,True,552856,353866,돼지,돼지
43800,´Ü¾ç±º,472391,779.8173368065574,605.7713488834398,6.408152029621728,False,False,False,1,False,29241,39116,일반 소,소
44131,Ãµ¾È½Ã µ¿³²±¸,3736182,438.3125670961075,8524.012954391925,9.050759821727329,True,True,True,2,True,1781284,385469,돼지,돼지
44133,Ãµ¾È½Ã ¼­ºÏ±¸,1249406,197.8786198152718,6314.001993577549,8.750683350473782,True,True,True,2,True,377215,179944,돼지,돼지
44150,°øÁÖ½Ã,2227853,863.1758314013244,2580.9955735011577,7.85631785703686,False,False,False,2,True,983541,709576,돼지,돼지
44180,º¸·É½Ã,3709693,589.1108025523429,6297.10571241883,8.748004186597719,True,True,True,2,True,999618,483944,돼지,돼지
44200,¾Æ»ê½Ã,2191607,542.6664524631703,4038.5894319655586,8.30389834003985,False,False,False,2,True,757986,301591,돼지,돼지
44210,¼­»ê½Ã,1522511,739.7306220060469,2058.1965308819595,7.63007115214831,False,False,False,2,True,379575,484962,일반 소,소
44230,³í»ê½Ã,2572969,553.4698452224137,4648.797079389291,8.444578858788187,False,False,False,2,True,1090612,434188,돼지,돼지
44250,°è·æ½Ã,52324,60.762525194559345,861.1228686177952,6.759397799505738,False,False,False,0,False,34735,3202,돼지,돼지
44270,´çÁø½Ã,5837029,702.8613244768935,8304.666648636878,9.024693289582869,True,True,True,2,True,1784577,431870,돼지,돼지
44710,±Ý»ê±º,502998,576.2061248005041,872.948027364599,6.773020908629511,False,False,False,0,False,18485,147460,일반 소,소
44760,ºÎ¿©±º,1547550,624.0803755781563,2479.728670471859,7.816307614741408,False,False,False,0,False,432134,568130,일반 소,소
44770,¼­Ãµ±º,945058,365.78425447117195,2583.648662970214,7.857344863960821,False,False,False,0,False,248087,212642,돼지,돼지
44790,Ã»¾ç±º,1253149,479.35352810034203,2614.247995558053,7.8691142077798535,False,False,False,2,True,455985,449982,돼지,돼지
44800,È«¼º±º,6597171,443.2123708014112,14884.898154063425,9.608169611170227,True,True,True,2,True,5067876,924257,돼지,돼지
44810,¿¹»ê±º,3556083,543.1647261781327,6546.969691904792,8.786910309876891,True,True,True,2,True,1784460,810108,돼지,돼지
44825,ÅÂ¾È±º,2179043,516.0931646518646,4222.18922715222,8.348345862632934,False,False,False,2,True,89431,124264,일반 소,소
46110,¸ñÆ÷½Ã,286990,51.791277310971275,5541.28059589689,8.620161354941821,False,False,True,0,False,202812,3553,돼지,돼지
46130,¿©¼ö½Ã,1733382,509.297469563513,3403.476560536563,8.132846480051784,False,False,False,0,False,27216,70271,일반 소,소
46150,¼øÃµ½Ã,1782930,909.0489266748142,1961.3135747508466,7.581879451386841,False,False,False,0,False,1035247,265960,돼지,돼지
46170,³ªÁÖ½Ã,3758436,605.386579176888,6208.323952457199,8.733807304662758,False,True,True,0,False,886929,885094,돼지,돼지
46230,±¤¾ç½Ã,1209739,462.47695644100526,2615.7822203933256,7.8697006817931605,False,False,False,0,False,46026,55007,일반 소,소
46710,´ã¾ç±º,1101722,453.178248702595,2431.10079346068,7.796510686906807,False,False,False,0,False,422575,408894,돼지,돼지
46720,°î¼º±º,927192,547.8953997504092,1692.2792204905852,7.434422294990603,False,False,False,0,False,103628,336141,일반 소,소
46730,±¸·Ê±º,571665,439.2638357475356,1301.4160362806676,7.171976308041536,False,False,False,0,False,83573,123532,일반 소,소
46770,°íÈï±º,1657401,806.293869070641,2055.5793161497945,7.6287993554410996,False,False,False,0,False,393970,662848,일반 소,소
46780,º¸¼º±º,1255158,663.8173492745971,1890.8183122535215,7.5452937155363875,False,False,False,0,False,393243,435043,일반 소,소
46790,È­¼ø±º,963702,787.5505235056232,1223.6700646331537,7.1104267517083,False,False,False,0,False,224074,385612,일반 소,소
46800,ÀåÈï±º,1779157,615.7565183800659,2889.3839478640216,7.969144626214363,False,False,False,0,False,90864,915104,일반 소,소
46810,°­Áø±º,1256148,498.44928626858115,2520.111944393768,7.8324553309596014,False,False,False,0,False,186676,608449,일반 소,소
46820,ÇØ³²±º,1706929,1042.7555058945347,1636.940769289633,7.401195103374373,False,False,False,0,False,219783,818253,일반 소,소
46830,¿µ¾Ï±º,2522618,611.9062465679553,4122.556378773378,8.324471268733204,False,False,False,0,False,421906,901050,일반 소,소
46840,¹«¾È±º,3084212,452.60282684308277,6814.3896084619355,8.826938511749935,True,True,True,0,False,1605732,629704,돼지,돼지
46860,ÇÔÆò±º,2782635,389.2086550073908,7149.468451432972,8.874933151224797,True,True,True,0,False,999629,759801,돼지,돼지
46870,¿µ±¤±º,1587995,472.5797974327007,3360.268485082974,8.120073707034809,False,False,False,0,False,493289,471024,돼지,돼지
46880,Àå¼º±º,1045572,517.905117046065,2018.848560453597,7.6107778175123775,False,False,False,0,False,417869,250846,돼지,돼지
46890,¿Ïµµ±º,248520,392.67950759717615,632.8825293703387,6.451863652365029,False,False,False,0,False,13590,156547,일반 소,소
46900,Áøµµ±º,293833,438.01666205475124,670.8260791304589,6.5099994962080805,False,False,False,0,False,13487,44824,일반 소,소
46910,½Å¾È±º,535645,650.8968531381846,822.9337681039352,6.7140901481643045,False,False,False,0,False,73386,209214,일반 소,소
47111,Æ÷Ç×½Ã ³²±¸,847577,394.64642283725334,2147.687020463705,7.6726122464193285,False,False,False,3,False,109518,111832,일반 소,소
47113,Æ÷Ç×½Ã ºÏ±¸,935843,734.7335014067693,1273.7176108183078,7.150479951350699,False,False,False,3,False,263947,271568,일반 소,소
47130,°æÁÖ½Ã,3153451,1318.6009346488067,2391.512789910075,7.7800994691477525,False,False,False,3,False,1109763,1056437,돼지,돼지
47150,±èÃµ½Ã,2204514,1004.5675238322854,2194.4906118307367,7.694160813896404,False,False,False,3,False,442054,600814,일반 소,소
47170,¾Èµ¿½Ã,1714546,1526.8048626517534,1122.9634132957751,7.02461647947526,False,False,False,1,False,389937,944224,일반 소,소
47190,±¸¹Ì½Ã,1860294,613.235208246391,3033.5733744311606,8.017826125056459,False,False,False,3,False,412684,1048952,일반 소,소
47210,¿µÁÖ½Ã,2989186,672.5874868237787,4444.308076732302,8.399604454147468,False,False,False,3,False,910673,825461,돼지,돼지
47230,¿µÃµ½Ã,2666204,915.0652450842791,2913.676390096575,7.9775140772176645,False,False,False,3,False,1073299,661682,돼지,돼지
47250,»óÁÖ½Ã,2466639,1251.3811766056672,1971.1332135350494,7.5868710853835735,False,False,False,3,False,371734,1372576,일반 소,소
47280,¹®°æ½Ã,1253363,913.9478514832796,1371.3725547533934,7.224296312790593,False,False,False,1,False,356347,539460,일반 소,소
47290,°æ»ê½Ã,1115188,410.7929620663757,2714.7203165077804,7.906812507127192,False,False,False,3,False,367467,525839,일반 소,소
47730,ÀÇ¼º±º,2140130,1169.327050150175,1830.223631382808,7.512739673416824,False,False,False,3,False,592840,760191,일반 소,소
47750,Ã»¼Û±º,306474,846.6895622187527,361.9673770359043,5.8943129598017565,False,False,False,1,False,128756,83124,돼지,돼지
47760,¿µ¾ç±º,123879,819.0887320327064,151.2400246217201,5.025458384717519,False,False,False,1,False,0,73397,일반 소,소
47770,¿µ´ö±º,298082,742.4287001399499,401.4957933924304,5.997684645605073,False,False,False,1,False,92848,125601,일반 소,소
47820,Ã»µµ±º,928656,692.9055013917061,1340.2347046383484,7.201345890068774,False,False,False,3,False,363318,415349,일반 소,소
47830,°í·É±º,1536089,385.66768793164545,3982.9341375164718,8.290025086819965,False,False,False,3,False,1164260,271076,돼지,돼지
47840,¼ºÁÖ±º,1109775,612.521741666127,1811.8132378146922,7.502635192660303,False,False,False,3,False,507144,292383,돼지,돼지
47850,Ä¥°î±º,982900,450.17081005309336,2183.3934543292053,7.689093473720316,False,False,False,3,False,313191,229078,돼지,돼지
47900,¿¹Ãµ±º,1512325,664.18614348501,2276.959576519879,7.731035398687204,False,False,False,3,False,479856,788221,일반 소,소
47920,ºÀÈ­±º,1458567,1200.999156534782,1214.4613025444357,7.102878956593219,False,False,False,1,False,314910,425192,일반 소,소
47930,¿ïÁø±º,264007,991.5928684046012,266.2453597763037,5.588167186896809,False,False,False,1,False,32218,180996,일반 소,소
47940,¿ï¸ª±º,22107,73.87512935253898,299.24820699133187,5.7046094892231345,False,False,False,1,False,636,6557,일반 소,소
48121,Ã¢¿ø½Ã ÀÇÃ¢±¸,372488,203.75380870069185,1828.127789979983,7.511594514719967,False,False,False,3,False,141376,68987,돼지,돼지
48123,Ã¢¿ø½Ã ¼º»ê±¸,162884,88.90813564130319,1832.048313971512,7.513735605360052,False,False,False,3,False,16949,5586,돼지,돼지
48125,Ã¢¿ø½Ã ¸¶»êÇÕÆ÷±¸,342492,241.03805033393346,1420.9042909429133,7.259752302150721,False,False,False,3,False,182909,60177,돼지,돼지
48127,Ã¢¿ø½Ã ¸¶»êÈ¸¿ø±¸,124289,90.802049921512,1368.7906837723779,7.222413221581659,False,False,False,3,False,53674,9168,돼지,돼지
48129,Ã¢¿ø½Ã ÁøÇØ±¸,94794,122.42196243911026,774.3218464346073,6.653278228868172,False,False,False,3,False,28248,3341,돼지,돼지
48170,ÁøÁÖ½Ã,1173045,712.4010142581405,1646.6077062250556,7.407079639793677,False,False,False,3,False,482023,226738,돼지,돼지
48220,Åë¿µ½Ã,81903,237.94234347508586,344.2136393372783,5.844163469834506,False,False,False,3,False,0,19598,일반 소,소
48240,»çÃµ½Ã,475648,398.778654487661,1192.7619360948454,7.084864890567859,False,False,False,3,False,80364,198517,일반 소,소
48250,±èÇØ½Ã,3188956,461.6743105800236,6907.371553755203,8.840489223829882,True,True,True,3,False,2229389,516102,돼지,돼지
48270,¹Ð¾ç½Ã,1421357,801.0562851161956,1774.3534710470788,7.481754820702126,False,False,False,3,False,506348,445964,돼지,돼지
48310,°ÅÁ¦½Ã,159489,402.91380507919627,395.83900573635356,5.983530671326375,False,False,False,3,False,597,31853,일반 소,소
48330,¾ç»ê½Ã,699023,486.44836890073543,1436.9932035739696,7.271003811965212,False,False,False,3,False,268075,28012,돼지,돼지
48720,ÀÇ·É±º,1321657,481.4081331803277,2745.3981536804004,7.918045569874249,False,False,False,3,False,663822,288854,돼지,돼지
48730,ÇÔ¾È±º,1527393,415.5142678900275,3675.9098736995693,8.209827970176718,False,False,False,3,False,948560,218223,돼지,돼지
48740,Ã¢³ç±º,1826525,530.195966141701,3444.9998050566837,8.144969360516974,False,False,False,3,False,463269,493316,일반 소,소
48820,°í¼º±º,2346563,516.6852826121168,4541.571201983702,8.421248474772401,False,False,False,3,False,52640,170995,일반 소,소
48840,³²ÇØ±º,373901,356.9780971136056,1047.4059977999402,6.95502619234088,False,False,False,0,False,84743,205760,일반 소,소
48850,ÇÏµ¿±º,1765029,673.0704085513894,2622.354181041431,7.872208999741532,False,False,False,0,False,153983,252439,일반 소,소
48860,»êÃ»±º,863177,791.3817602033654,1090.721372929021,6.995510970752385,False,False,False,0,False,342505,194592,돼지,돼지
48870,ÇÔ¾ç±º,886031,720.4349162959782,1229.8557162601342,7.115464910752958,False,False,False,0,False,330907,224192,돼지,돼지
48880,°ÅÃ¢±º,1519590,798.8947601027016,1902.1153672414243,7.551247489337432,False,False,False,3,False,270133,501948,일반 소,소
48890,ÇÕÃµ±º,2201684,983.0998508446996,2239.532432141321,7.714468809524831,False,False,False,3,False,1293644,630384,돼지,돼지
50110,Á¦ÁÖ½Ã,4472121,976.8510928155309,4578.0989885676645,8.429257530367888,False,False,False,0,False,2860917,335346,돼지,돼지
50130,¼­±ÍÆ÷½Ã,1700791,869.6235722406014,1955.778401473042,7.579054727194683,False,False,False,0,False,893389,261486,돼지,돼지
51110,ÃáÃµ½Ã,730736,1114.627794590568,655.5874557824196,6.487055900076006,False,False,False,1,False,57821,292100,일반 소,소
51130,¿øÁÖ½Ã,1788916,866.2614876394911,2065.099309533759,7.633417717030506,False,False,False,2,True,848225,266494,돼지,돼지
51150,°­¸ª½Ã,1293962,1038.2977219967474,1246.2340738950918,7.12868363768395,False,False,False,1,False,215236,115671,돼지,돼지
51170,µ¿ÇØ½Ã,933876,180.59812662239958,5171.017094504963,8.551018045088329,False,False,True,3,False,1971,13936,일반 소,소
51190,ÅÂ¹é½Ã,82566,303.22308022802684,272.29457578858944,5.6105502456407965,False,False,False,1,False,10420,25196,일반 소,소
51210,¼ÓÃÊ½Ã,38503,105.5047218397064,364.94101238897827,5.902472152076229,False,False,False,1,False,0,3123,일반 소,소
51230,»ïÃ´½Ã,1313616,1185.3685732425606,1108.192025377069,7.011387124189155,False,False,False,1,False,8224,167814,일반 소,소
51720,È«Ãµ±º,1249273,1816.1574891790815,687.8660069092807,6.535046777368457,False,False,False,1,False,396468,525514,일반 소,소
51730,È¾¼º±º,1591829,996.1779611669967,1597.9363748774501,7.377093921471588,False,False,False,1,False,104187,891410,일반 소,소
51750,¿µ¿ù±º,408365,1126.9175967320527,362.3734345654174,5.895431050828253,False,False,False,1,False,19737,193273,일반 소,소
51760,ÆòÃ¢±º,503035,1462.7675047303128,343.8926544192978,5.8432332220044785,False,False,False,1,False,107490,211721,일반 소,소
51770,Á¤¼±±º,248438,1218.57096523417,203.87651362779536,5.322407425091835,False,False,False,1,False,559,147232,일반 소,소
51780,Ã¶¿ø±º,2125199,830.2592182897769,2559.6813057705353,7.848028637132568,False,False,False,2,True,1253148,278131,돼지,돼지
51790,È­Ãµ±º,365709,906.8448679220227,403.2762525722827,6.002098437776647,False,False,False,1,False,87085,151915,일반 소,소
51800,¾ç±¸±º,241019,647.6917632428023,372.1199090031479,5.921899839841115,False,False,False,1,False,0,124414,일반 소,소
51810,ÀÎÁ¦±º,205845,1615.107023870825,127.44975841084778,4.855537842751071,False,False,False,1,False,3288,113930,일반 소,소
51820,°í¼º±º,300103,585.5961224302134,512.4743633113176,6.241200102730512,False,False,False,1,False,52640,170995,일반 소,소
51830,¾ç¾ç±º,300191,629.0695651768249,477.19841591067825,6.1700257424103695,False,False,False,1,False,122973,118186,돼지,돼지
52111,ÀüÁÖ½Ã ¿Ï»ê±¸,744639,92.13485765279049,8082.055141455435,8.997525191615244,True,True,True,0,False,598323,5480,돼지,돼지
52113,ÀüÁÖ½Ã ´öÁø±¸,335817,113.15226625610453,2967.832736464373,7.995924136519456,False,False,False,0,False,110548,13033,돼지,돼지
52130,±º»ê½Ã,1981875,395.1479308943732,5015.526705439776,8.520493081871836,False,False,True,0,False,535945,187131,돼지,돼지
52140,ÀÍ»ê½Ã,2828482,507.0341776792303,5578.48390604826,8.626851561142388,False,True,True,0,False,1307427,596272,돼지,돼지
52180,Á¤À¾½Ã,4568882,697.1499072984714,6553.657903656467,8.787931206225167,True,True,True,0,False,1888629,1452619,돼지,돼지
52190,³²¿ø½Ã,2459092,749.6753757421803,3280.209113932138,8.095967265746381,False,False,False,0,False,763215,615596,돼지,돼지
52210,±èÁ¦½Ã,3208643,545.8536570848354,5878.211052273521,8.679177857107016,False,True,True,0,False,1189374,681698,돼지,돼지
52710,¿ÏÁÖ±º,1251928,821.3643796830139,1524.2053721433012,7.32988435023219,False,False,False,0,False,398294,566489,일반 소,소
52720,Áø¾È±º,521543,788.3430996814474,661.568548276435,6.4961240216043254,False,False,False,0,False,93635,140461,일반 소,소
52730,¹«ÁÖ±º,307538,629.5290602641762,488.5207362324853,6.193426823141725,False,False,False,1,False,93070,127944,일반 소,소
52740,Àå¼ö±º,1095011,531.6669028027741,2059.5809034330705,7.630743213989168,False,False,False,0,False,300034,521937,일반 소,소
52750,ÀÓ½Ç±º,1273599,596.331814724507,2135.722040234222,7.6670281767770465,False,False,False,0,False,675434,311396,돼지,돼지
52770,¼øÃ¢±º,1289181,499.41238946760893,2581.3957106156536,7.856472817067301,False,False,False,0,False,446280,439834,돼지,돼지
52790,°íÃ¢±º,2793529,606.4930115443848,4606.0365854612355,8.435340106180972,False,False,False,0,False,957368,631037,돼지,돼지
52800,ºÎ¾È±º,1988504,493.4925645189263,4029.450781975738,8.30163350525491,False,False,False,0,False,315195,515362,일반 소,소
